Company Name,Bulleted Summary,Sentiment Score/Analysis,Date,File Name
Bausch Health Cos Inc,"• Bausch Health's Q4 2025 results were in line with expectations, and 2026 guidance for both revenue and EBITDA is ahead of consensus estimates.
• Key product areas, including Salix's Xifaxan, Relistor, International, and Diversified segments, displayed solid growth, while Solta Korea saw exceptional performance but Solta China lagged due to integration and inventory issues.
• Management cautioned that 2025 may mark peak Xifaxan revenue due to one-time benefits, with significant legal uncertainties tied to ongoing Xifaxan litigation and potential impacts from the IRA starting in 2027.
• The company maintains elevated leverage (5.4x total, 3.9x secured), though cash flow generation remains robust and guidance reflects anticipated industry headwinds and growth drivers.
• JP Morgan maintains an Overweight (OW) recommendation on select NumberCo tranches, while being Underweight (UW) on most unsecured tranches due to litigation and credit risks.","Mixed (score: 0) - The report presents a balanced outlook for Bausch Health. While financial and operational performance in 2025 met or exceeded expectations and 2026 guidance was positive, there are offsetting concerns due to legal uncertainties, notably related to Xifaxan litigation, and the risk that 2025 is the peak year for key revenue streams. Elevated leverage and high yields on unsecured tranches also temper optimism, resulting in an overall mixed sentiment.",2/20/2026,JPM_Bausch_Health_Cos_In_2026-02-20_5211441.pdf
Charter Communications Inc,"• 2026 EBITDA guidance is raised slightly to $22.80 billion (+0.4% y/y) on improved margins (41.7%), reflecting strong cost management.
• 2026 broadband net losses are now forecast at 525,000, an improvement from prior expectations but higher than 2025, due to intensified competition from FWA and fiber.
• Free cash flow outlook for 2026 is cut to $5.18 billion, primarily from increased capex guidance now at $11.40 billion.
• Adjusted EPS is boosted to $41.87 for 2026 (+21.1% y/y), with 2027 EPS guidance also rising, highlighting ongoing operational improvements.
• Management is lowering the leverage target post-Cox deal to 3.5–3.75x within three years, aiming to de-risk cost of capital and support consistent shareholder returns.","Mixed (score: 0) - The report maintains a mixed tone: operational efficiency and margin improvements are clear positives, with upward revisions to EBITDA and EPS. However, these are offset by the flat revenue outlook, increased broadband subscriber losses, and lowered free cash flow due to higher capital spending. Management’s focus on leverage reduction and shareholder returns is prudent but reflects some caution around competitive and market pressures.",2/2/2026,JPM_Charter_Communicatio_2026-02-02_5182716.pdf
EchoStar Corp,"• EchoStar reported better-than-expected 4Q25 results, with higher revenue and improved OIBDA, but 2026 revenue guidance was lowered by 4%.
• Spectrum sale is still awaiting regulatory approval, expected to close in 1H26, and management has not provided any new capital allocation plans.
• 2026 AOIBDA forecast was raised, while video and wireless net losses are expected to be lower than previous estimates, although segment revenues and ARPU for 2026 are trimmed.
• Operating and free cash flows remain negative through 2027, and capital returns or major M&A actions appear unlikely in the near term.
• Management reiterates a focus on maximizing shareholder returns via disciplined investment and operational improvements.","Mixed (score: 0) - The report presents a mixed outlook for EchoStar. While recent quarterly results exceeded expectations and certain operational forecasts have improved, overall 2026 revenue guidance has been lowered, capital allocation plans remain vague pending the spectrum sale, and cash flows are projected to stay negative. The lack of near-term capital returns and persistent operational challenges offset the management's optimism and operational improvements.",3/10/2026,JPM_EchoStar_Corporation_2026-03-10_5222865.pdf
Optimum Communications Inc,"• Optimum Communications raised its 2026 residential broadband net loss projection to 195k due to intensified competition and ongoing churn, despite increased churn-reduction efforts.
• 2026 EBITDA estimate was trimmed to $3.31b (-0.6% y/y) with margin deterioration driven by aggressive pricing strategies and higher investment in network upgrades.
• 2026 capital expenditures were raised to $1.26b, reflecting continued focus on fiber expansion and infrastructure improvements.
• Company revenue remains under pressure, with 2026 total revenue unchanged at $8.26b (-4% y/y) and residential broadband revenue estimated to decline 4% y/y.
• Optimum's leverage remains high at 7.6x net debt/EBITDA, and shares trade at a premium EV/EBITDA multiple versus peers despite worsening shareholder equity and sustained net losses.","Negative (score: -1) - The report presents a broadly negative outlook for Optimum Communications. Despite improved fourth-quarter results and strategic investments in network upgrades, the company faces persistent subscriber losses, margin compression, and ongoing revenue declines. High leverage and negative net income alongside a premium valuation contribute to the cautious tone, and the investment thesis expresses low confidence in a near-term turnaround.",3/9/2026,JPM_Optimum_Communicatio_2026-03-09_5201689.pdf
TransDigm Group Inc,"• TransDigm's fiscal 1Q26 results met expectations, with revenue up 14% y/y and adjusted EBITDA up 13% y/y, maintaining strong EBITDA margin.
• Three sizable acquisitions totaling ~$3.2B were announced post-quarter, to be funded by cash and new debt, raising leverage metrics.
• FY26 financial guidance for revenue, EBITDA, and EPS was raised, suggesting ongoing operational strength and possible future upside.
• Key risks include aggressive financial policy, rising leverage, acquisition integration, margin dilution, and potential for significant shareholder distributions.
• The TDG S+250 term loan due 2032 is recommended as the best relative value in the capital structure, supported by solid cash flow and yield.","Positive (score: 1) - The overall sentiment of the report is positive, reflecting confidence in TransDigm's operational momentum and improved earnings guidance despite some margin dilution and leverage concerns from recent acquisitions. The report maintains an Overweight recommendation and highlights relative value in the TDG S+250 term loan. While some risks and aggressive financial policies are noted, the firm's strong cash flow generation and market outperformance provide a constructive backdrop.",2/4/2026,JPM_TransDigm_Group_Inc__2026-02-04_5194171.pdf
Venture Global Inc,"• Venture Global delivered solid 4Q25 results, with adjusted EBITDA of $2.00 billion, matching both JP Morgan and consensus estimates.
• The company announced major new SPAs: a 20-year deal with Hanwha Aerospace and a 5-year deal with Trafigura, expanding its long-term contracted capacity.
• Unrestricted cash rose 25.3% Q/Q to $2.36 billion, while leverage declined to 5.6x, offset somewhat by a 10% Q/Q rise in capex to $3.63 billion.
• 2026 EBITDA guidance of ~$5.5 billion is slightly below consensus, but does not yet account for potentially significant upside from recent LNG price increases driven by Middle East events.
• Risks remain around construction, litigation, regulation, and capital allocation, particularly with increased expected construction spending in 2027/2028.","Positive (score: 1) - The report is broadly positive, emphasizing Venture Global's operational execution, new long-term contracting wins, and upside potential from rising LNG prices, despite softer near-term EBITDA guidance and increased capital spending. The overall tone highlights momentum from recent deals and market dynamics, while acknowledging ongoing risks.",3/2/2026,JPM_Venture_Global_Stron_2026-03-02_5222437.pdf
